covariate,coef,exp(coef),se(coef),coef lower 95%,coef upper 95%,exp(coef) lower 95%,exp(coef) upper 95%,cmp to,z,p,-log2(p)
Distribution,-0.3842930225522495,0.6809318695492086,0.0033326101516895083,-0.3908248184240735,-0.3777612266804255,0.6764986557601305,0.6853941349621625,0.0,-115.31292442274635,0.0,inf
Num_agents,0.004087088669848455,1.0040954522070369,3.778497907555849e-05,0.004013031471703761,0.004161145867993149,1.0040210944645735,1.0041698154564302,0.0,108.16702218295578,0.0,inf
Move_prob,-0.4577113452728859,0.632730090381449,0.014827178050548267,-0.48677208024432334,-0.4286506103014485,0.6146070980818504,0.6513874775016026,0.0,-30.869754427475904,3.042867569078965e-209,692.6775402848525
Trade_random,-0.14291739462216194,0.8668256704001367,0.008178390100038214,-0.15894674466975578,-0.1268880445745681,0.8530417867815513,0.8808322810299362,0.0,-17.47500337768116,2.2213246239387903e-68,224.73969020888217
Trade_search,-0.03969380510470919,0.961083673018196,0.008094359212048414,-0.055558457638254094,-0.02382915257116429,0.9459567236581408,0.9764525199103676,0.0,-4.9038847998770745,9.39596071528345e-07,20.02145598278823
Trade_market,0.02893032177924963,1.0293528684998894,0.008145503765288485,0.012965427763348795,0.04489521579515046,1.0130498433554596,1.0459182584535172,0.0,3.551692149788727,0.00038276240319014406,11.351263251384188
