covariate,coef,exp(coef),se(coef),coef lower 95%,coef upper 95%,exp(coef) lower 95%,exp(coef) upper 95%,cmp to,z,p,-log2(p)
Trade_random,-0.7347382170306728,0.47963100176951895,0.11840423280100683,-0.9668062489377423,-0.5026701851236033,0.38029567035104805,0.6049132708928256,0.0,-6.205337424596066,5.45796686564112e-10,30.77091731258336
Trade_search,0.8974792818276713,2.453410952520099,0.09560164061981065,0.710103509349901,1.0848550543054416,2.0342018066562932,2.9590108917657707,0.0,9.387697491476887,6.132617300645755e-21,67.14398706867172
Trade_market,0.8980610056077498,2.4548385752142607,0.09562590457657003,0.7106376766486087,1.085484334566891,2.0352887010062464,2.960873524911043,0.0,9.39139880123853,5.92086336815492e-21,67.19468243060852
