covariate,coef,exp(coef),se(coef),coef lower 95%,coef upper 95%,exp(coef) lower 95%,exp(coef) upper 95%,cmp to,z,p,-log2(p)
Distribution,-0.3287957378778471,0.719790027570729,0.0033827284747138552,-0.33542576385776435,-0.32216571189792986,0.7150335860765147,0.7245781091670705,0.0,-97.19838300224788,0.0,inf
Num_agents,0.004100488825645107,1.0041089073326814,3.8369149382235895e-05,0.004025286674738488,0.004175690976551727,1.0040333990223347,1.0041844213216289,0.0,106.86942222241566,0.0,inf
Move_prob,-0.4138560756733212,0.6610960922291428,0.01508610990667208,-0.4434243077572114,-0.384287843589431,0.6418348138122432,0.6809353960791749,0.0,-27.43292195493595,1.1107964407873283e-165,547.9665411968198
Trade_random,-0.1732661927810068,0.8409137398819897,0.008352122638906697,-0.18963605234772557,-0.15689633321428803,0.8272601585539654,0.8547926678330242,0.0,-20.745168656154643,1.3554825720830241e-95,315.14436245024297
Trade_search,-0.19382085540837987,0.8238054713449989,0.008316397471291136,-0.2101206949332305,-0.17752101588352925,0.8104864184625031,0.8373434016394361,0.0,-23.30586724329433,3.865758901854904e-120,396.6806197235708
Trade_market,0.026244848886774603,1.0265922776797096,0.008189284628284164,0.010194145956190157,0.04229555181735905,1.0102462832766235,1.0432027536626332,0.0,3.2047791813377815,0.001351661349612364,9.531050546084687
