covariate,coef,exp(coef),se(coef),coef lower 95%,coef upper 95%,exp(coef) lower 95%,exp(coef) upper 95%,cmp to,z,p,-log2(p)
Scenario,-0.1915200243628549,0.8257030907626387,0.01079707977795309,-0.21268191186584867,-0.17035813685986112,0.8084132429832576,0.8433627232268068,0.0,-17.738131819117044,2.128962819255425e-70,231.44481588769585
Agent_type,-0.2051928258429687,0.814490246499961,0.006061306744396062,-0.2170727687612347,-0.19331288292470267,0.8048713976793727,0.8242240481600963,0.0,-33.85290243439309,3.2892841002862233e-251,832.086178195489
Distribution,-0.4124452570935721,0.6620294371144003,0.003132490577692876,-0.4185848258077612,-0.406305688379383,0.6579773137677725,0.6661065152782729,0.0,-131.6668787547779,0.0,inf
Num_agents,0.003208769042609362,1.0032139226527677,3.3235125193882004e-05,0.0031436293942076737,0.0032739086910110503,1.0031485757789336,1.0032792737834126,0.0,96.54752385888527,0.0,inf
Trading,-0.08404197211036143,0.9193926664348245,0.0073174758787989715,-0.098383961290548,-0.06969998293017488,0.9063008524941432,0.9326735959344131,0.0,-11.48510408539336,1.567465727839521e-30,99.00940894733614
Move_prob,-0.385923004337806,0.6798228670770902,0.01368448913046722,-0.4127441101803516,-0.3591018984952604,0.6618316171346079,0.6983031916816357,0.0,-28.201491532379166,5.606402830175652e-175,578.8503411969477
