covariate,coef,exp(coef),se(coef),coef lower 95%,coef upper 95%,exp(coef) lower 95%,exp(coef) upper 95%,cmp to,z,p,-log2(p)
Trade_random,-0.23194666647555595,0.7929884150459076,0.1386602764807555,-0.5037158144642031,0.039822481513091146,0.604281086401188,1.0406260274370625,0.0,-1.6727693926655884,0.09437270245636538,3.4054865730473245
Trade_search,-1.1401223638519211,0.3197798899230902,0.1619288302601683,-1.4574970392205506,-0.8227476884832916,0.23281828108266348,0.4392231465832186,0.0,-7.040885566950036,1.910218425132679e-12,38.92939952507911
Trade_market,1.4097672981082072,4.09500237838969,0.11480302020977483,1.1847575131806245,1.63477708303579,3.26989381917163,5.128314681259394,0.0,12.279879880618102,1.1617061381176785e-34,112.72931005131497
