covariate,coef,exp(coef),se(coef),coef lower 95%,coef upper 95%,exp(coef) lower 95%,exp(coef) upper 95%,cmp to,z,p,-log2(p)
Trade_random,-0.0029832498881510977,0.9970211955800502,0.03736476187444649,-0.07621683745298155,0.07025033767667935,0.9266152598809403,1.0727767040698177,0.0,-0.07984126590115705,0.9363635036228323,0.09485939086082443
Trade_search,-0.012813043213187977,0.9872686943502562,0.037214612512811246,-0.08575234343691165,0.0601262570105357,0.917821507595846,1.0619706193170395,0.0,-0.34430140066021236,0.7306196310394273,0.4528075768529953
Trade_market,-0.21330408639448276,0.8079104252912632,0.037018771492859315,-0.2858595452724051,-0.14074862751656045,0.7513681417435862,0.8687076534541952,0.0,-5.762052002066783,8.309738502634058e-09,26.84254977613492
