covariate,coef,exp(coef),se(coef),coef lower 95%,coef upper 95%,exp(coef) lower 95%,exp(coef) upper 95%,cmp to,z,p,-log2(p)
Trade_random,-0.6788441589951456,0.5072028996016966,0.13276599778002748,-0.9390607330155243,-0.418627584974767,0.3909949115517783,0.6579491798074238,0.0,-5.11308746475799,3.1693545780094706e-07,21.589307591010932
Trade_search,-1.0301512529239605,0.35695296630598505,0.14134260274019547,-1.3071776637758958,-0.753124842072025,0.27058265495238043,0.4708927857074408,0.0,-7.288328026741527,3.1382514009562183e-13,41.53510430430652
Trade_market,0.9975837385056269,2.711721677457904,0.10587528856115369,0.7900719860729801,1.2050954909382736,2.2035550458210125,3.3370777235362077,0.0,9.422252841647948,4.415115475796721e-21,67.61803882108462
